Workbook

Sheet "Simple" example
B3: Capital Allocation Factor Example
B5: Consider a (fictitious) state that has different geographic catastrophe risks: | R5: Combining these plots effectively splits the state into 5 regions:
C7: Severe Convective Storm (SCS) | AG7: Peril Mix (AAL) | AM7: Peril Mix (%)
S8: Region 1 | V8: Region 2 | BA8: Implied
D9: Region | F9: Damage Ratio | AB9: SCS | AC9: HU | AD9: EQ | AE9: TIV | AG9: SCS AAL | AH9: HU AAL | AI9: EQ AAL | AJ9: NC AAL | AK9: Total AAL | AM9: SCS % | AN9: HU % | AO9: EQ % | AP9: NC % | AS9: SCS PLR | AT9: HU PLR | AU9: EQ PLR | AV9: NC PLR | AY9: Wt Avg PLR | BA9: Capital Charge
D10: West | F10: 0.15 | G10: (high risk) | AA10: Region 1 | AB10: high | AC10: low | AD10: low | AE10: 3000000000 | AG10: =AE10*F$10/1000 -> 450000 | AH10: =AE10*F$23/1000 -> 30000 | AI10: =AE10*F$35/1000 -> 15000 | AJ10: =AE10*0.2/1000 -> 600000 | AK10: =SUM(AG10:AJ10) -> 1095000 | AM10: =AG10/$AK10 -> 0.4109589 | AN10: =AH10/$AK10 -> 0.02739726 | AO10: =AI10/$AK10 -> 0.01369863 | AP10: =AJ10/$AK10 -> 0.54794521 | AS10: 0.543 | AT10: 0.376 | AU10: 0.406 | AV10: 0.629 | AY10: =AK10/(AG10/AS10+AH10/AT10+AI10/AU10+AJ10/AV10) -> 0.57651077 | BA10: =AY$15/AY10 -> 0.94768849
D11: East | F11: 0.02 | G11: (low risk) | T11: Region 3 | U11: Region 4 | AA11: Region 2 | AB11: low | AC11: low | AD11: low | AE11: 2500000000 | AG11: =AE11*F$11/1000 -> 50000 | AH11: =AE11*F$23/1000 -> 25000 | AI11: =AE11*F$35/1000 -> 12500 | AJ11: =AE11*0.2/1000 -> 500000 | AK11: =SUM(AG11:AJ11) -> 587500 | AM11: =AG11/$AK11 -> 0.085106383 | AN11: =AH11/$AK11 -> 0.042553191 | AO11: =AI11/$AK11 -> 0.021276596 | AP11: =AJ11/$AK11 -> 0.85106383 | AS11: 0.543 | AT11: 0.376 | AU11: 0.406 | AV11: 0.629 | AY11: =AK11/(AG11/AS11+AH11/AT11+AI11/AU11+AJ11/AV11) -> 0.59688838 | BA11: =AY$15/AY11 -> 0.91533466
AA12: Region 3 | AB12: high | AC12: low | AD12: high | AE12: 2000000000 | AG12: =AE12*F$10/1000 -> 300000 | AH12: =AE12*F$23/1000 -> 20000 | AI12: =AE12*F$34/1000 -> 160000 | AJ12: =AE12*0.2/1000 -> 400000 | AK12: =SUM(AG12:AJ12) -> 880000 | AM12: =AG12/$AK12 -> 0.34090909 | AN12: =AH12/$AK12 -> 0.022727273 | AO12: =AI12/$AK12 -> 0.18181818 | AP12: =AJ12/$AK12 -> 0.45454545 | AS12: 0.543 | AT12: 0.376 | AU12: 0.406 | AV12: 0.629 | AY12: =AK12/(AG12/AS12+AH12/AT12+AI12/AU12+AJ12/AV12) -> 0.53799715 | BA12: =AY$15/AY12 -> 1.0155307
C13: Damage Ratio = Average Annual Loss per $1000 Total Insured Value | AA13: Region 4 | AB13: low | AC13: low | AD13: high | AE13: 1500000000 | AG13: =AE13*F$11/1000 -> 30000 | AH13: =AE13*F$23/1000 -> 15000 | AI13: =AE13*F$34/1000 -> 120000 | AJ13: =AE13*0.2/1000 -> 300000 | AK13: =SUM(AG13:AJ13) -> 465000 | AM13: =AG13/$AK13 -> 0.064516129 | AN13: =AH13/$AK13 -> 0.032258065 | AO13: =AI13/$AK13 -> 0.25806452 | AP13: =AJ13/$AK13 -> 0.64516129 | AS13: 0.543 | AT13: 0.376 | AU13: 0.406 | AV13: 0.629 | AY13: =AK13/(AG13/AS13+AH13/AT13+AI13/AU13+AJ13/AV13) -> 0.53592651 | BA13: =AY$15/AY13 -> 1.0194544
AA14: Region 5 | AB14: low | AC14: high | AD14: low | AE14: 1000000000 | AG14: =AE14*F$11/1000 -> 20000 | AH14: =AE14*F$22/1000 -> 240000 | AI14: =AE14*F$35/1000 -> 5000 | AJ14: =AE14*0.2/1000 -> 200000 | AK14: =SUM(AG14:AJ14) -> 465000 | AM14: =AG14/$AK14 -> 0.043010753 | AN14: =AH14/$AK14 -> 0.51612903 | AO14: =AI14/$AK14 -> 0.010752688 | AP14: =AJ14/$AK14 -> 0.43010753 | AS14: 0.543 | AT14: 0.376 | AU14: 0.406 | AV14: 0.629 | AY14: =AK14/(AG14/AS14+AH14/AT14+AI14/AU14+AJ14/AV14) -> 0.46249762 | BA14: =AY$15/AY14 -> 1.181309 | BC14: The lower the PLR, the more capital is required to support the risk.
D15: AAL = Average Annual Loss | V15: Region 5 | AA15: State Total | AE15: =SUM(AE10:AE14) -> 10000000000 | AG15: =SUM(AG10:AG14) -> 850000 | AH15: =SUM(AH10:AH14) -> 330000 | AI15: =SUM(AI10:AI14) -> 312500 | AJ15: =SUM(AJ10:AJ14) -> 2000000 | AK15: =SUM(AK10:AK14) -> 3492500 | AM15: =AG15/$AK15 -> 0.24337867 | AN15: =AH15/$AK15 -> 0.094488189 | AO15: =AI15/$AK15 -> 0.089477452 | AP15: =AJ15/$AK15 -> 0.57265569 | AY15: {=AK$15/SUM(AK$10:AK$14/AY$10:AY$14)} -> 0.54635262
D16: TIV = Total Insured Value
AJ17: (NC = non-catastrophe) | AS17: PLR = Permissible Loss Ratio | AY17: The PLR in a particular
AY18: region is determined by
C19: Hurricane (HU) | T19: SCS risk | U19: HU risk | V19: EQ risk | AS19: What loss ratio do we need to achieve to satisfy | AY19: its mix of catastrophe and
S20: Region 1 | T20: high | U20: low | V20: low | AS20: our target profit while mitigating risk? | AY20: non-catastrophe perils.
D21: Region | F21: Damage Ratio | S21: Region 2 | T21: low | U21: low | V21: low
D22: Extreme Southeast | F22: 0.24 | G22: (high risk) | S22: Region 3 | T22: high | U22: low | V22: high | AS22: Perils with a greater tail risk will have a lower PLR
D23: Other | F23: 0.01 | G23: (low risk) | S23: Region 4 | T23: low | U23: low | V23: high
S24: Region 5 | T24: low | U24: high | V24: low
AY25: Question: What is the best way to determine the peril mix for a given region (or perhaps for a given risk)?
AZ27: Currently, we use state-level AALs provided by the commercial pricing team from their indications analysis.
AZ28: We then allocate these AALs to the (within-state) region level based on assumed damage ratio relativities.
AZ29: These relativities depend on the policies in a recent in-force book of business. Particularly in small states,
AZ30: our in-force book may not be credible.
C31: Earthquake (EQ)
AZ32: Can a model-based approach help us generate more theoretically-reasonable peril mixes / capital charges?
D33: Region | F33: Damage Ratio
D34: Central | F34: 0.08 | G34: (high risk)
D35: Other | F35: 0.005 | G35: (low risk)

Sheet Consider coverages
B3: Capital Allocation Factor Example
B5: Consider the same example, but recognize that some policies have
B6: coverage exclusions so that the policyholder has lower premiums but
B7: takes on greater risk.
J11: Peril Mix (AAL) | P11: Peril Mix (%)
AD12: Implied
C13: SCS | D13: HU | E13: EQ | F13: EQ covg | G13: WH covg | H13: TIV | J13: SCS AAL | K13: HU AAL | L13: EQ AAL | M13: NC AAL | N13: Total AAL | P13: SCS % | Q13: HU % | R13: EQ % | S13: NC % | V13: SCS PLR | W13: HU PLR | X13: EQ PLR | Y13: NC PLR | AB13: Wt Avg PLR | AD13: Capital Charge
B14: Region 1 | C14: high | D14: low | E14: low | F14: Y | G14: Y | H14: 2500000000 | J14: =H14*'"Simple" example'!$F$10/1000 -> 375000 | K14: =H14*'"Simple" example'!$F$23/1000 -> 25000 | L14: =H14*'"Simple" example'!$F$35/1000 -> 12500 | M14: =H14*0.2/1000 -> 500000 | N14: =SUM(J14:M14) -> 912500 | P14: =IFERROR(J14/$N14,"?") -> 0.4109589 | Q14: =IFERROR(K14/$N14,"?") -> 0.02739726 | R14: =IFERROR(L14/$N14,"?") -> 0.01369863 | S14: =IFERROR(M14/$N14,"?") -> 0.54794521 | V14: 0.543 | W14: 0.376 | X14: 0.406 | Y14: 0.629 | AB14: =IFERROR(N14/(J14/V14+K14/W14+L14/X14+M14/Y14),"?") -> 0.57651077 | AD14: =IFERROR(AB$34/AB14,"?") -> 0.96335719
F15: Y | G15: N | H15: 400000000 | L15: =H15*'"Simple" example'!$F$35/1000 -> 2000 | M15: =H15*0.2/1000 -> 80000 | N15: =SUM(J15:M15) -> 82000 | P15: =IFERROR(J15/$N15,"?") -> 0 | Q15: =IFERROR(K15/$N15,"?") -> 0 | R15: =IFERROR(L15/$N15,"?") -> 0.024390244 | S15: =IFERROR(M15/$N15,"?") -> 0.97560976 | V15: 0.543 | W15: 0.376 | X15: 0.406 | Y15: 0.629 | AB15: =IFERROR(N15/(J15/V15+K15/W15+L15/X15+M15/Y15),"?") -> 0.62068493 | AD15: =IFERROR(AB$34/AB15,"?") -> 0.89479505
F16: N | G16: Y | H16: 0 | J16: =H16*'"Simple" example'!$F$10/1000 -> 0 | K16: =H16*'"Simple" example'!$F$23/1000 -> 0 | M16: =H16*0.2/1000 -> 0 | N16: =SUM(J16:M16) -> 0 | P16: =IFERROR(J16/$N16,"?") -> ? | Q16: =IFERROR(K16/$N16,"?") -> ? | R16: =IFERROR(L16/$N16,"?") -> ? | S16: =IFERROR(M16/$N16,"?") -> ? | V16: 0.543 | W16: 0.376 | X16: 0.406 | Y16: 0.629 | AB16: =IFERROR(N16/(J16/V16+K16/W16+L16/X16+M16/Y16),"?") -> ? | AD16: =IFERROR(AB$34/AB16,"?") -> ?
F17: N | G17: N | H17: 100000000 | M17: =H17*0.2/1000 -> 20000 | N17: =SUM(J17:M17) -> 20000 | P17: =IFERROR(J17/$N17,"?") -> 0 | Q17: =IFERROR(K17/$N17,"?") -> 0 | R17: =IFERROR(L17/$N17,"?") -> 0 | S17: =IFERROR(M17/$N17,"?") -> 1 | V17: 0.543 | W17: 0.376 | X17: 0.406 | Y17: 0.629 | AB17: =IFERROR(N17/(J17/V17+K17/W17+L17/X17+M17/Y17),"?") -> 0.629 | AD17: =IFERROR(AB$34/AB17,"?") -> 0.88296629
B18: Region 2 | C18: low | D18: low | E18: low | F18: Y | G18: Y | H18: 2250000000 | J18: =H18*'"Simple" example'!$F$11/1000 -> 45000 | K18: =H18*'"Simple" example'!$F$23/1000 -> 22500 | L18: =H18*'"Simple" example'!$F$35/1000 -> 11250 | M18: =H18*0.2/1000 -> 450000 | N18: =SUM(J18:M18) -> 528750 | P18: =IFERROR(J18/$N18,"?") -> 0.085106383 | Q18: =IFERROR(K18/$N18,"?") -> 0.042553191 | R18: =IFERROR(L18/$N18,"?") -> 0.021276596 | S18: =IFERROR(M18/$N18,"?") -> 0.85106383 | V18: 0.543 | W18: 0.376 | X18: 0.406 | Y18: 0.629 | AB18: =IFERROR(N18/(J18/V18+K18/W18+L18/X18+M18/Y18),"?") -> 0.59688838 | AD18: =IFERROR(AB$34/AB18,"?") -> 0.93046843
F19: Y | G19: N | H19: 0 | L19: =H19*'"Simple" example'!$F$35/1000 -> 0 | M19: =H19*0.2/1000 -> 0 | N19: =SUM(J19:M19) -> 0 | P19: =IFERROR(J19/$N19,"?") -> ? | Q19: =IFERROR(K19/$N19,"?") -> ? | R19: =IFERROR(L19/$N19,"?") -> ? | S19: =IFERROR(M19/$N19,"?") -> ? | V19: 0.543 | W19: 0.376 | X19: 0.406 | Y19: 0.629 | AB19: =IFERROR(N19/(J19/V19+K19/W19+L19/X19+M19/Y19),"?") -> ? | AD19: =IFERROR(AB$34/AB19,"?") -> ?
F20: N | G20: Y | H20: 250000000 | J20: =H20*'"Simple" example'!$F$11/1000 -> 5000 | K20: =H20*'"Simple" example'!$F$23/1000 -> 2500 | M20: =H20*0.2/1000 -> 50000 | N20: =SUM(J20:M20) -> 57500 | P20: =IFERROR(J20/$N20,"?") -> 0.086956522 | Q20: =IFERROR(K20/$N20,"?") -> 0.043478261 | R20: =IFERROR(L20/$N20,"?") -> 0 | S20: =IFERROR(M20/$N20,"?") -> 0.86956522 | V20: 0.543 | W20: 0.376 | X20: 0.406 | Y20: 0.629 | AB20: =IFERROR(N20/(J20/V20+K20/W20+L20/X20+M20/Y20),"?") -> 0.60305221 | AD20: =IFERROR(AB$34/AB20,"?") -> 0.92095807
F21: N | G21: N | H21: 0 | M21: =H21*0.2/1000 -> 0 | N21: =SUM(J21:M21) -> 0 | P21: =IFERROR(J21/$N21,"?") -> ? | Q21: =IFERROR(K21/$N21,"?") -> ? | R21: =IFERROR(L21/$N21,"?") -> ? | S21: =IFERROR(M21/$N21,"?") -> ? | V21: 0.543 | W21: 0.376 | X21: 0.406 | Y21: 0.629 | AB21: =IFERROR(N21/(J21/V21+K21/W21+L21/X21+M21/Y21),"?") -> ? | AD21: =IFERROR(AB$34/AB21,"?") -> ?
B22: Region 3 | C22: high | D22: low | E22: high | F22: Y | G22: Y | H22: 1250000000 | J22: =H22*'"Simple" example'!$F$10/1000 -> 187500 | K22: =H22*'"Simple" example'!$F$23/1000 -> 12500 | L22: =H22*'"Simple" example'!$F$34/1000 -> 100000 | M22: =H22*0.2/1000 -> 250000 | N22: =SUM(J22:M22) -> 550000 | P22: =IFERROR(J22/$N22,"?") -> 0.34090909 | Q22: =IFERROR(K22/$N22,"?") -> 0.022727273 | R22: =IFERROR(L22/$N22,"?") -> 0.18181818 | S22: =IFERROR(M22/$N22,"?") -> 0.45454545 | V22: 0.543 | W22: 0.376 | X22: 0.406 | Y22: 0.629 | AB22: =IFERROR(N22/(J22/V22+K22/W22+L22/X22+M22/Y22),"?") -> 0.53799715 | AD22: =IFERROR(AB$34/AB22,"?") -> 1.0323211
F23: Y | G23: N | H23: 0 | L23: =H23*'"Simple" example'!$F$34/1000 -> 0 | M23: =H23*0.2/1000 -> 0 | N23: =SUM(J23:M23) -> 0 | P23: =IFERROR(J23/$N23,"?") -> ? | Q23: =IFERROR(K23/$N23,"?") -> ? | R23: =IFERROR(L23/$N23,"?") -> ? | S23: =IFERROR(M23/$N23,"?") -> ? | V23: 0.543 | W23: 0.376 | X23: 0.406 | Y23: 0.629 | AB23: =IFERROR(N23/(J23/V23+K23/W23+L23/X23+M23/Y23),"?") -> ? | AD23: =IFERROR(AB$34/AB23,"?") -> ?
F24: N | G24: Y | H24: 500000000 | J24: =H24*'"Simple" example'!$F$10/1000 -> 75000 | K24: =H24*'"Simple" example'!$F$23/1000 -> 5000 | M24: =H24*0.2/1000 -> 100000 | N24: =SUM(J24:M24) -> 180000 | P24: =IFERROR(J24/$N24,"?") -> 0.41666667 | Q24: =IFERROR(K24/$N24,"?") -> 0.027777778 | R24: =IFERROR(L24/$N24,"?") -> 0 | S24: =IFERROR(M24/$N24,"?") -> 0.55555556 | V24: 0.543 | W24: 0.376 | X24: 0.406 | Y24: 0.629 | AB24: =IFERROR(N24/(J24/V24+K24/W24+L24/X24+M24/Y24),"?") -> 0.5798933 | AD24: =IFERROR(AB$34/AB24,"?") -> 0.95773791
F25: N | G25: N | H25: 250000000 | M25: =H25*0.2/1000 -> 50000 | N25: =SUM(J25:M25) -> 50000 | P25: =IFERROR(J25/$N25,"?") -> 0 | Q25: =IFERROR(K25/$N25,"?") -> 0 | R25: =IFERROR(L25/$N25,"?") -> 0 | S25: =IFERROR(M25/$N25,"?") -> 1 | V25: 0.543 | W25: 0.376 | X25: 0.406 | Y25: 0.629 | AB25: =IFERROR(N25/(J25/V25+K25/W25+L25/X25+M25/Y25),"?") -> 0.629 | AD25: =IFERROR(AB$34/AB25,"?") -> 0.88296629
B26: Region 4 | C26: low | D26: low | E26: high | F26: Y | G26: Y | H26: 1300000000 | J26: =H26*'"Simple" example'!$F$11/1000 -> 26000 | K26: =H26*'"Simple" example'!$F$23/1000 -> 13000 | L26: =H26*'"Simple" example'!$F$34/1000 -> 104000 | M26: =H26*0.2/1000 -> 260000 | N26: =SUM(J26:M26) -> 403000 | P26: =IFERROR(J26/$N26,"?") -> 0.064516129 | Q26: =IFERROR(K26/$N26,"?") -> 0.032258065 | R26: =IFERROR(L26/$N26,"?") -> 0.25806452 | S26: =IFERROR(M26/$N26,"?") -> 0.64516129 | V26: 0.543 | W26: 0.376 | X26: 0.406 | Y26: 0.629 | AB26: =IFERROR(N26/(J26/V26+K26/W26+L26/X26+M26/Y26),"?") -> 0.53592651 | AD26: =IFERROR(AB$34/AB26,"?") -> 1.0363096
F27: Y | G27: N | H27: 0 | L27: =H27*'"Simple" example'!$F$34/1000 -> 0 | M27: =H27*0.2/1000 -> 0 | N27: =SUM(J27:M27) -> 0 | P27: =IFERROR(J27/$N27,"?") -> ? | Q27: =IFERROR(K27/$N27,"?") -> ? | R27: =IFERROR(L27/$N27,"?") -> ? | S27: =IFERROR(M27/$N27,"?") -> ? | V27: 0.543 | W27: 0.376 | X27: 0.406 | Y27: 0.629 | AB27: =IFERROR(N27/(J27/V27+K27/W27+L27/X27+M27/Y27),"?") -> ? | AD27: =IFERROR(AB$34/AB27,"?") -> ?
F28: N | G28: Y | H28: 200000000 | J28: =H28*'"Simple" example'!$F$11/1000 -> 4000 | K28: =H28*'"Simple" example'!$F$23/1000 -> 2000 | M28: =H28*0.2/1000 -> 40000 | N28: =SUM(J28:M28) -> 46000 | P28: =IFERROR(J28/$N28,"?") -> 0.086956522 | Q28: =IFERROR(K28/$N28,"?") -> 0.043478261 | R28: =IFERROR(L28/$N28,"?") -> 0 | S28: =IFERROR(M28/$N28,"?") -> 0.86956522 | V28: 0.543 | W28: 0.376 | X28: 0.406 | Y28: 0.629 | AB28: =IFERROR(N28/(J28/V28+K28/W28+L28/X28+M28/Y28),"?") -> 0.60305221 | AD28: =IFERROR(AB$34/AB28,"?") -> 0.92095807
F29: N | G29: N | H29: 0 | M29: =H29*0.2/1000 -> 0 | N29: =SUM(J29:M29) -> 0 | P29: =IFERROR(J29/$N29,"?") -> ? | Q29: =IFERROR(K29/$N29,"?") -> ? | R29: =IFERROR(L29/$N29,"?") -> ? | S29: =IFERROR(M29/$N29,"?") -> ? | V29: 0.543 | W29: 0.376 | X29: 0.406 | Y29: 0.629 | AB29: =IFERROR(N29/(J29/V29+K29/W29+L29/X29+M29/Y29),"?") -> ? | AD29: =IFERROR(AB$34/AB29,"?") -> ?
B30: Region 5 | C30: low | D30: high | E30: low | F30: Y | G30: Y | H30: 800000000 | J30: =H30*'"Simple" example'!$F$11/1000 -> 16000 | K30: =H30*'"Simple" example'!$F$22/1000 -> 192000 | L30: =H30*'"Simple" example'!$F$35/1000 -> 4000 | M30: =H30*0.2/1000 -> 160000 | N30: =SUM(J30:M30) -> 372000 | P30: =IFERROR(J30/$N30,"?") -> 0.043010753 | Q30: =IFERROR(K30/$N30,"?") -> 0.51612903 | R30: =IFERROR(L30/$N30,"?") -> 0.010752688 | S30: =IFERROR(M30/$N30,"?") -> 0.43010753 | V30: 0.543 | W30: 0.376 | X30: 0.406 | Y30: 0.629 | AB30: =IFERROR(N30/(J30/V30+K30/W30+L30/X30+M30/Y30),"?") -> 0.46249762 | AD30: =IFERROR(AB$34/AB30,"?") -> 1.2008403 | AF30: The lower the PLR, the more capital is required to support the risk.
F31: Y | G31: N | H31: 200000000 | L31: =H31*'"Simple" example'!$F$35/1000 -> 1000 | M31: =H31*0.2/1000 -> 40000 | N31: =SUM(J31:M31) -> 41000 | P31: =IFERROR(J31/$N31,"?") -> 0 | Q31: =IFERROR(K31/$N31,"?") -> 0 | R31: =IFERROR(L31/$N31,"?") -> 0.024390244 | S31: =IFERROR(M31/$N31,"?") -> 0.97560976 | V31: 0.543 | W31: 0.376 | X31: 0.406 | Y31: 0.629 | AB31: =IFERROR(N31/(J31/V31+K31/W31+L31/X31+M31/Y31),"?") -> 0.62068493 | AD31: =IFERROR(AB$34/AB31,"?") -> 0.89479505
F32: N | G32: Y | H32: 0 | J32: =H32*'"Simple" example'!$F$11/1000 -> 0 | K32: =H32*'"Simple" example'!$F$22/1000 -> 0 | M32: =H32*0.2/1000 -> 0 | N32: =SUM(J32:M32) -> 0 | P32: =IFERROR(J32/$N32,"?") -> ? | Q32: =IFERROR(K32/$N32,"?") -> ? | R32: =IFERROR(L32/$N32,"?") -> ? | S32: =IFERROR(M32/$N32,"?") -> ? | V32: 0.543 | W32: 0.376 | X32: 0.406 | Y32: 0.629 | AB32: =IFERROR(N32/(J32/V32+K32/W32+L32/X32+M32/Y32),"?") -> ? | AD32: =IFERROR(AB$34/AB32,"?") -> ?
F33: N | G33: N | H33: 0 | M33: =H33*0.2/1000 -> 0 | N33: =SUM(J33:M33) -> 0 | P33: =IFERROR(J33/$N33,"?") -> ? | Q33: =IFERROR(K33/$N33,"?") -> ? | R33: =IFERROR(L33/$N33,"?") -> ? | S33: =IFERROR(M33/$N33,"?") -> ? | V33: 0.543 | W33: 0.376 | X33: 0.406 | Y33: 0.629 | AB33: =IFERROR(N33/(J33/V33+K33/W33+L33/X33+M33/Y33),"?") -> ? | AD33: =IFERROR(AB$34/AB33,"?") -> ?
B34: State Total | H34: =SUM(H14:H33) -> 10000000000 | J34: =SUM(J14:J33) -> 733500 | K34: =SUM(K14:K33) -> 274500 | L34: =SUM(L14:L33) -> 234750 | M34: =SUM(M14:M33) -> 2000000 | N34: =SUM(N14:N33) -> 3242750 | P34: =IFERROR(J34/$N34,"?") -> 0.2261969 | Q34: =IFERROR(K34/$N34,"?") -> 0.084650374 | R34: =IFERROR(L34/$N34,"?") -> 0.07239226 | S34: =IFERROR(M34/$N34,"?") -> 0.61676047 | AB34: {=N$34/SUM(IFERROR(N$14:N$33/AB$14:AB$33,0))} -> 0.5553858
M36: (NC = non-catastrophe) | V36: PLR = Permissible Loss Ratio | AB36: The PLR in a particular
AB37: region is determined by
V38: What loss ratio do we need to achieve to satisfy | AB38: its mix of catastrophe and
V39: our target profit while mitigating risk? | AB39: non-catastrophe perils.
V41: Perils with a greater tail risk will have a lower PLR
AB44: Question: What is the best way to determine the peril mix for a given region (or perhaps for a given risk)?
AC46: Currently, we use state-level AALs provided by the commercial pricing team from their indications analysis.
AC47: We then allocate these AALs to the (within-state) region level based on assumed damage ratio relativities.
AC48: These relativities depend on the policies in a recent in-force book of business. Particularly in small states,
AC49: our in-force book may not be credible.
AC51: Can a model-based approach help us generate more theoretically-reasonable peril mixes / capital charges?
